Tag/Kategorie alt,Tag neu
klimawandel - energie,Klima
über uns,Greenpeace
Wälder,wald
tapajós,Wald
klimaklage,klima
Atom,Atom
akw,Atom
Arktis,Arktis
Klima,Klima
energie,Energie
Wald,Wald
detox,Chemie
öl,?
Meer,Meer
Mühleberg,Atom
chemie,Chemie
gazprom,Energie
klimawandel,Klima
ölbohrungen,?
shell,Klima
russland,ersatzlos streichen
energiewende,Energie
landwirtschaft,Landwirtschaft
palmöl,ersatzlos streichen
indonesien,ersatzlos streichen
urwald,Wald
Atomausstieg,Atom
save the arctic,Arktis
regenwald,Wald
fukushima,Atom
jugendsolar,Jugendsolar
ensi,Atom
arctic30,Arctic30
japan,ersatzlos streichen
ölkatastrophe,?
pestizide,Landwirtschaft
bkw,Atom
meere,Meer
beznau,Atom
kohle,ersatzlos streichen
savethearctic,Arktis
ölförderung,?
eu,ersatzlos streichen
atomkraft,Atom
axpo,Atom
nestle,ersatzlos streichen
überfischung,Meer
klimakonferenz,Klima
fischerei,Meer
erneuerbare,Energie
urwaldzerstörung,Wald
walfang,Meer
bienen,Landwirtschaft
oilspill,?
amazonas,Wald
erneuerbare energien,Energie
indian ocean,Meer
erdöl,Klima
polar,Arktis
arctic,Arktis
unternehmensverantwortung,?
thunfisch,Meer
atommüll,Atom
co2,Klima
abholzung,Wald
csr,?
bp,?
kunos kolumne,?
magazin,Magazin
klimaschutz,Klima
regenwaldzerstörung,Wald
public eye,Public Eye
castor,Atom
save the arctic (campaign title),Arktis
atomenergie,Atom
china,ersatzlos streichen
rainbow warrior,Flotte
uran,Atom
wale,Meer
wasser,ersatzlos streichen
greenpeace,Greenpeace
protest,ersatzlos streichen
toxics,Chemie
syngeta,Landwirtschaft
freethearctic30,Arktis
migros,Chemie
arctic sunrise,Flotte
atompolitik,Atom
cop16,Klima
indischer ozean,Meer
adidas,Chemie
bienenschutz,Landwirtschaft
textilindustrie,Chemie
kitkat,Klimawandel
abstimmung,ersatzlos streichen
solarenergie,Energie
sinar mas,Wald
atomstrom,Atom
meeresschutzgebiete,Meer
solar,Energie
app,?
kongo,Wald
cancun,Klimawandel
kleider,Chemie
gas,Klima
wasserverschmutzung,Chemie
outdoor,Chemie
davos,?
akw mühleberg,Atom
gentech,Landwirtschaft
photovoltaik,Energie
kumi naidoo,?
cop17,Klima
atomunfall,Atom
aktion,?
tschernobyl,Atom
marco weber,Arktis
strom,Klima
wälder,Wald
schweiz,ersatzlos streichen
lego,ersatzlos streichen
fsc,Wald
bern,ersatzlos streichen
tiger,Wald
indian ocean tour,Meer
erfolg,ersatzlos streichen
energieeffizienz,Klima
pfc,Chemie
bienensterben,Landwirtschaft
durban,Klima
gau,Atom
biodiversität,ersatzlos streichen
chevron,ersatzlos streichen
mayak,Atom
majak,Atom
moratorium,ersatzlos streichen
oil,?
nike,Chemie
total,ersatzlos streichen
effizienz,Energie
danzer,Wald
ocean,Meer
basel,ersatzlos streichen
afrika,ersatzlos streichen
go beyond oil,Klimawandel
deepwater horizon,ersatzlos streichen
esperanza,Flotte
strahlung,Atom
katastrophe,ersatzlos streichen
iwc,Meer
transocean,Kimawandel
italien,ersatzlos streichen
nuclear,Atom
gorleben,Atom
statoil,Arktis
atomkraftwerk,Atom
mammut,Chemie
oceans,Meer
iot2012,Meer
chemikalien,Chemie
sumatra,Wald
bayer,Landwirtschaft
chemimülldeponien,Chemie
haie,Meer
elgin,Klimawandel
gasbohrungen,Klimawandel
gasleck,Klimawandel
ozean,Meer
rainbow warrior iii,Flotte
shell (commercial business),ersatzlos streichen
reaktor,Atom
forest,Wald
fessenheim,Atom
golf von mexico,ersatzlos streichen
katastrophen,ersatzlos streichen
recht ohne grenzen,?
mahnwache,ersatzlos streichen
facebook,Energie
fisch,Meer
uno,ersatzlos streichen
unfall,Atom
frankreich,ersatzlos streichen
flotte,Flotte
zara,Chemie
nationalrat,Politik
ständerat,Politik
energiestrategie,Kilma
jodtableten,Atom
forests,Wald
puma,Chemie
ipcc,Klima
klimapolitik,Klima
fischereipolitik,Fischerei
orang-utans,ersatzlos streichen
energiepolitik,Energie
orang-utan,Wald
genetic engineering,Landwirtschaft
genetically modified organisms,Landwirtschaft
elektronik,?
parlament,Politik
basler chemie,Chemie
schmutzige wäsche,Chemie
stresstest,Atom
solarstrom,Erneuerbare
nordsee,ersatzlos streichen
leibstadt,Atom
alpiq,Atom
brasilien,Wald
gemeinsame fischereipolitik,Fischerei
thunfischfang,Fischerei
polar campaign,Klima
textilien,Chemie
monsanto,Landwirtschaft
politik,Politik
meeresschutzgebiet,Meer
procter + gamble,Wald
twitter,ersatzlos streichen
barbie,Wald
tapajos,Wald
mattel,Wald
staudamm,Wald
rio+20,?
nuklear,Atom
sicherheit,Atom
public eye award,?
wef,?
glyphosat,Landwirtschaft
gift,ersatzlos streichen
kanada,ersatzlos streichen
ölplattform,Energie
deutschland,ersatzlos streichen
indien,ersatzlos streichen
umweltkatastrophe,?
mittelmeer,Meer
deforestation,Wald
photoaward,?
atomaufsicht,Atom
stromzukunft,Erneuerbare
amazonas urwaldzerstörung rio regenwald,Wald
erneuerbare energie,Erneuerbare
braunkohle,Klimawandel
umweltrating,Klimawandel
great barrier reef,Meer
dilma,Wald
klimaerwärmung,Klimawandel
waldschutz,Wald
urwaldschutz,Wald
aktivisten,ersatzlos streichen
atomabfälle,Atom
forest code,Wald
schutzgebiet,Meer
oel-katastrophe,?
sonne,Klimawandel
ungarn,ersatzlos streichen
giftschlamm,Chemie
fischereiindustrie,Fischerei
muehleberg vom netz,Atom
arktik,Arktis
fussball,ersatzlos streichen
europa,ersatzlos streichen
areva,Atom
chemiekatatrophen,Chemie
nordpol expedition,Arktis
",Greenpeace
uranabbau,Atom
beluga,Flotte
bees,Bienen
antarktis,Meer
atomkatastrophe,Atom
gösgen,Atom
fracking,Klimawandel
cop 17,Klima
risiken,ersatzlos streichen
meeresverschmutzung,"Verschmutzung
bundesrat,Politik
energy,Energie
erneuerbar,Erneuerbare
munduruku,Wald
tokio 2,Fischerei
tokio two,Fischerei
volksinitiative,Klimawandel
wirtschaftlichkeit,ersatzlos streichen
golden rice,Landwirtschaft
mexico,ersatzlos streichen
gentechnologie,Landwirtschaft
lebensmittel,Landwirtschaft
ausstieg,Atom
vw,Klimawandel
grüne elektronik,?
sinarmas,Klimawandel
wilmar,Wald
soja,ersatzlos streichen
fleisch,ersatzlos streichen
erdbeben,Atom
kleidermarken,Chemie
pestizid,Landwirtschaft
drk,Wald
endlager,Atom
exxon,Klimawandel
coop,Chemie
demo,?
"äpfel
",Landwirtschaft
petition,ersatzlos streichen
akw-neubau,Atom
island,Meer
glyphosat,Landwirtschaft
agrotreibstoffe,Landwirtschaft
risse,Atom
arktis-deklaration,Klimawandel
solaranlage,Klimawandel
milch,Landwirtschaft
energiestrategie 2050,Klimawandel
atomlobby,Atom
tiefenlager,Atom
vse,Klimawandel
umwelt,Klimawandel
versorgungssicherheit,Klimawandel
toxic,Chemie
rio,?
grönland,Klimawandel
verseuchung,Atom
eis,Arktis
leck,ersatzlos streichen
dalian,Klimawandel
zürich,Kimawandel
bonfol,Chemie
kohleabbau,Klimawandel
dirty laundry,Chemie
usa,Klimawandel
urwälder,Urwälder
korallen,Klimawandel
kuno,?
raps,Landwirtschaft
hai,Meer
schutzgebiete,Meer
postkarten,?
my rainbow warrior ii,Flotte
sodefor,Wald
congo,Wald
ozeane,Meer
wal,Meer
biologische landwirtschaft,Landwirtschaft
Staumauer,Atom
nordpol,Arktis
drc,Wald
wind,Erneuerbare
krebs,ersatzlos streichen
bäreninsel,Arktis
savethebees,Bienen
belgien,Atom
aluminium,Chemie
credit suisse,?
meeresschutz,Meer
solarmacher,Klimawandel
potential,Klimawandel
"ölindustrie
stromverbrauch,Klimawandel
waldbrand,Atom
énergies,Energies
climat,Climat
océans,Océans
divers,Divers
greenpeace,Greenpeace
agriculture,Agriculture
toxiques,Toxiques
forêts,Forêts
nucléaire,Nucléaire
amazonie,Forêts
déforestation,Forêts
soja,Forêts
action,ersatzlos streichen
arctique,Arctique
gazprom,Energies
shell,Climat
militants,ersatzlos streichen
atome,Nucléaire
centrales,ersatzlos streichen
autochtones,Forêts
tapajos,Forêts
mundurukus,Forêts
axpo. cuve,Nucléaire
sécurité,Nucléaire
trous,?
beznau,Nucléaire
consommation,ersatzlos streichen
alimentation,Agriculture
journée,ersatzlos streichen
militant,ersatzlos streichen
tricastin,Nucléaire
russie,ersatzlos streichen
ogm,Agriculture
argentine,ersatzlos streichen
herbicide,Agriculture
benbrook,ersatzlos streichen
fmb,ersatzlos streichen
ifsn,Nucléaire
mühleberg,Nucléaire
rainbow warrior,Flotte
énergie,Energies